{"cameraMode":{"drawMode":0,"name":"Shaded","section":"Shading Mode"},"sceneLighting":true,"audioPlay":false,"sceneViewState":{"m_AlwaysRefresh":false,"showFog":true,"showSkybox":true,"showFlares":true,"showImageEffects":true,"showParticleSystems":true,"showVisualEffectGraphs":true,"m_FxEnabled":true},"in2DMode":false,"pivot":{"x":3.9823720455169679,"y":1.104724407196045,"z":9.518651008605957},"rotation":{"x":-0.10785914957523346,"y":-0.02177310176193714,"z":0.002362743252888322,"w":-0.9939245581626892},"size":9.927885055541993,"orthographic":false}